Name,In-Game,Picture
Darksavage ,,Member List_Images/Darksavage.Picture.190550.jpg
FadedTwizz ,,Member List_Images/FadedTwizz.Picture.190640.jpg
DarkSun Ind ,,Member List_Images/DarkSun Ind.Picture.190652.jpg
Ragnar Valwolf ,,Member List_Images/Ragnar Valwolf.Picture.190712.jpg
Avwangard ,,Member List_Images/Avwangard.Picture.190723.jpg
Vega,,Member List_Images/Vega.Picture.190730.jpg
Jyrgen,,Member List_Images/Jyrgen.Picture.190749.jpg
Seeker,,Member List_Images/Seeker.Picture.190758.jpg
Ben K,,Member List_Images/Ben K.Picture.190803.jpg
Red9,,Member List_Images/Red9.Picture.190830.jpg
Vega ,,Member List_Images/Vega .Picture.190836.jpg
Sirius Black,,Member List_Images/Sirius Black.Picture.190845.jpg
Korban,,Member List_Images/Korban.Picture.190850.jpg
Watcher,,Member List_Images/Watcher.Picture.190914.jpg
Ceaserion,,Member List_Images/Ceaserion.Picture.190922.jpg
Blairhunter (Ash),,Member List_Images/Blairhunter (Ash).Picture.190927.jpg
Alatar ,,Member List_Images/Alatar .Picture.190952.jpg
Ace D,,Member List_Images/Ace D.Picture.190959.jpg
Thetruecaptain,,Member List_Images/Thetruecaptain.Picture.191018.jpg
Papadopoulos,,Member List_Images/Papadopoulos.Picture.191025.jpg
Gobi,,Member List_Images/Gobi.Picture.191033.jpg
Kane,,Member List_Images/Kane.Picture.191046.jpg
Raffe,,Member List_Images/Raffe.Picture.191051.jpg
The Norseman,,Member List_Images/The Norseman.Picture.191056.jpg